{"examples": {"_type": "images/separated", "width": 28, "height": 28, "format": "png", "count": 10, "filenames": ["media/images/examples_0_b34fa6fb8f4e1d927bc5.png", "media/images/examples_0_9127739877399075b92a.png", "media/images/examples_0_5ee947405a73ce3c6071.png", "media/images/examples_0_29d2e9a12afe8129eded.png", "media/images/examples_0_2609871d4d9e100b2b62.png", "media/images/examples_0_aec7a5344b03e3a24f26.png", "media/images/examples_0_265805213118ecbfc1e1.png", "media/images/examples_0_0bdd31139310de199218.png", "media/images/examples_0_e2a3f888c5c69356be72.png", "media/images/examples_0_d8ea8143a7582f4f0060.png"], "captions": ["T-shirt/top", "Trouser", "Pullover", "Dress", "Coat", "Sandal", "Shirt", "Sneaker", "Bag", "Ankle boot"]}, "_timestamp": 1744343804.9529803, "_runtime": 26.619943380355835, "_step": 1, "validation_accuracy": 0.7773333333333333, "validation_loss": 0.6948613310269429, "training_accuracy": 0.6951481481481482, "training_loss": 1.0189769713721677, "epochs": 1}