{"_runtime":1.7692731,"_step":0,"_wandb":{"runtime":1},"run_name":"hl_3_bs_128_ac_tanh_opt_momentum_lr_0.00024575400875417354","_timestamp":1.7443899106040232e+09}