{"examples": {"_type": "images/separated", "width": 28, "height": 28, "format": "png", "count": 10, "filenames": ["media/images/examples_0_0a95bd0ad8fc65ffbc27.png", "media/images/examples_0_2c94ce22d4b37fecf3a0.png", "media/images/examples_0_3ebfe133ce59b906e4dc.png", "media/images/examples_0_55cd77a0a13fe14398ce.png", "media/images/examples_0_c04d932e1b4fbcf10531.png", "media/images/examples_0_1477f44d91845d80addb.png", "media/images/examples_0_5bb00f3472d094963305.png", "media/images/examples_0_1c558ba9c2b8d5f04b6e.png", "media/images/examples_0_34e4054989704ac7164d.png", "media/images/examples_0_26fc36e2a2e174a50040.png"], "captions": ["T-shirt/top", "Trouser", "Pullover", "Dress", "Coat", "Sandal", "Shirt", "Sneaker", "Bag", "Ankle boot"]}, "_timestamp": 1744343169.1385062, "_runtime": 126.21126508712769, "_step": 5, "validation_accuracy": 0.8548333333333333, "validation_loss": 0.41243440882123256, "training_accuracy": 0.8496296296296296, "training_loss": 0.4223588578504801, "epochs": 5}