{"validation_loss":0.8241865449352773,"training_accuracy":0.6979444444444445,"Confusion_matrix_fashion_mnist_table":{"size":2946,"artifact_path":"wandb-client-artifact://ia8uo7qicn909wdjjnyu1ohn8ct0911tbygc19jq47kfl1xscv869lc1jry5do2t7864xcaft2n3k9j7p3nhulcnmhoz345qfwm8x5xqn4rmfv0wtwq996y3oj5i7ho2/Confusion_matrix_fashion_mnist_table.table.json","_latest_artifact_path":"wandb-client-artifact://0bnpwz8rh1h79djqxqo5wa05cm2y167lxo163mx95bcgpdp3dpo2hkxyt80wp2kzhxspxlnt13qlau3ge8f7gu8sqozy1ls4jc560bv6958li1occpnqv7ddo7pwm37o:latest/Confusion_matrix_fashion_mnist_table.table.json","path":"media/table/Confusion_matrix_fashion_mnist_table_11_1966738ba117aad838f8.table.json","ncols":3,"nrows":100,"_type":"table-file","sha256":"1966738ba117aad838f87a003b9205e8a61f9f639ee088c3560598a76833e1aa"},"_step":11,"_timestamp":1.7443852057501695e+09,"_wandb":{"runtime":236},"epochs":5,"training_loss":0.865922785011628,"validation_accuracy":0.7105,"_runtime":236.0594175}