{"examples": {"_type": "images/separated", "width": 28, "height": 28, "format": "png", "count": 10, "filenames": ["media/images/examples_0_6e5b5c318f2ab5bf69cf.png", "media/images/examples_0_6091324aa4dde7c0ee41.png", "media/images/examples_0_bdb13f4c6b582ba74647.png", "media/images/examples_0_710ae1686b9ac79f8f21.png", "media/images/examples_0_4794093585c8d6c90f32.png", "media/images/examples_0_90bd9cd9731ecc8b8bd2.png", "media/images/examples_0_fc56d8f3b0ddd35791c6.png", "media/images/examples_0_9878f45c4c276cec98ed.png", "media/images/examples_0_f6413cce6a0dc55029bb.png", "media/images/examples_0_ec6a729960955156b1a1.png"], "captions": ["T-shirt/top", "Trouser", "Pullover", "Dress", "Coat", "Sandal", "Shirt", "Sneaker", "Bag", "Ankle boot"]}, "_timestamp": 1744342726.937956, "_runtime": 180.42964100837708, "_step": 7, "validation_accuracy": 0.8576666666666667, "validation_loss": 0.47347755973766, "training_accuracy": 0.8635185185185185, "training_loss": 0.4562112264095413, "epochs": 7}