{"run_name": "hl_2_bs_64_ac_ReLu_opt_momentum_lr_0.0003978639374054349", "_timestamp": 1744346694.5843902, "_runtime": 245.65202808380127, "_step": 19, "examples": {"_type": "images/separated", "width": 28, "height": 28, "format": "png", "count": 10, "filenames": ["media/images/examples_1_47549224d504ebe10403.png", "media/images/examples_1_61b563d6b8cc4fe0bbb1.png", "media/images/examples_1_b4a7283a933acc5d543b.png", "media/images/examples_1_1236ae6698f2d1a23c7c.png", "media/images/examples_1_b7d36c9cf4dc994c4d82.png", "media/images/examples_1_efb9aef79a21c0e9cf43.png", "media/images/examples_1_994e76150c5f30868d84.png", "media/images/examples_1_9c0cc3fba9cb564e1cfd.png", "media/images/examples_1_6cad36bb1e4f1c0662e3.png", "media/images/examples_1_26ba7be93580db9e6644.png"], "captions": ["T-shirt/top", "Trouser", "Pullover", "Dress", "Coat", "Sandal", "Shirt", "Sneaker", "Bag", "Ankle boot"]}, "validation_accuracy": 0.8336666666666667, "validation_loss": 0.4753661302982297, "training_accuracy": 0.8314074074074074, "training_loss": 0.47762930349628635, "epochs": 18}