{"_step":0,"run_name":"hl_3_bs_16_ac_ReLu_opt_nag_lr_0.0008346978185282515","_timestamp":1.7443899210458426e+09,"_runtime":1.7424036,"_wandb":{"runtime":1}}