{"training_loss":5.500481481481481,"epochs":5,"_runtime":86.4909343,"Confusion_matrix_fashion_mnist_table":{"path":"media/table/Confusion_matrix_fashion_mnist_table_5_7df049696c4b8ae3eb37.table.json","ncols":3,"nrows":100,"_type":"table-file","sha256":"7df049696c4b8ae3eb37821c27be16ed2e982be0254037dde27149d10155161f","size":2912,"artifact_path":"wandb-client-artifact://jsc48yiaqcnk17ru4nen5t73cl39w0ia91awd6mbt5valq11twcjl4ugpa0u1eyjr59drcak7hmt92nl4xvleu2si492j4b0b4is2u4l6voy62bjs0fcl314qg45ejvc/Confusion_matrix_fashion_mnist_table.table.json","_latest_artifact_path":"wandb-client-artifact://9ua9y0k054skam5dz5woyne2k6uzbodujpvqs3mkh6lfo5kq6p7zfo2627i4irjhjm7ms4j2pixdjiq4ziyp3991b5jvkbg0as3h4u5bfzv6y9d8o7fohyjsr9zzsqw9:latest/Confusion_matrix_fashion_mnist_table.table.json"},"_wandb":{"runtime":87},"_step":5,"training_accuracy":0.10074074074074074,"_timestamp":1.7443890786063926e+09,"validation_loss":5.495666666666667,"validation_accuracy":0.09333333333333334}